{
    "status": "success",
    "debug_message": "Inputs Found: ShoulderWidth(shoulder_width_cm), ChestCircumference(chest_cm), ChestFrontWidth(chest_width_cm), Waist(waist_cm), Hips(hip_cm), LegLength(inseam_cm), TotalHeight(UnityArg: 188.0), Age(UnityArg: 24.0), Gender(UnityArg: Male). Used Static Values for: Age, ShoulderWidth, ChestWidth, ChestFrontWidth, Waist, Hips, TotalHeight, Gender. ",
    "recommended_size": "Recommended: S\n (Can be a bit of a tight fit)\n\n\n<u>Compared with the next best size M:</u>\n\nChest Width = 47.28 cm:\n2.28 cm larger than for M\n\nTorso Length = 56.05 cm:\n7.95 cm smaller than for M\n\nSleeve Length = 55.02 cm:\n3.98 cm smaller than for M",
    "simple_additional_info": "For a looser fit, consider choosing size M.",
    "scaled_measurements_json": "{\"Age\": 0.9883738671251904, \"HeadCircumference\": 0.39517770460011026, \"ShoulderWidth\": 1.1834858207870345, \"ChestWidth\": 2.6747504769768975, \"Belly\": 1.3147280867755897, \"Waist\": 0.862416992786663, \"Hips\": 1.4519693411037171, \"ArmLength\": 0.6364418489500983, \"ShoulderToWaist\": 0.8644165397208529, \"WaistToKnee\": 1.2570575517897897, \"LegLength\": 0.21310711803645987, \"TotalHeight\": 2.0656202461055813}",
    "final_measurements_json": "{\"Gender\": 1.0, \"Age\": 24.0, \"HeadCircumference\": 55.12650238148709, \"ShoulderWidth\": 47.846000000000004, \"ChestCircumference\": 109.99131836903267, \"ChestFrontWidth\": 47.282000000000004, \"Belly\": 75.2944468010481, \"Waist\": 63.988405025255474, \"Hips\": 82.41814534651019, \"ArmLength\": 55.01703936196408, \"ShoulderToWaist\": 56.04577703004563, \"WaistToKnee\": 58.19382343305011, \"LegLength\": 70.03000000000002, \"TotalHeight\": 188.0}",
    "runtime_ms": {
        "step_1_setup_ms": 1851.2282371520996,
        "step_2_impute_ms": 7.626533508300781,
        "step_3_sizing_ms": 2.8841495513916016,
        "step_4_export_ms": 0.0,
        "total_runtime_ms": 1866.4510250091553
    }
}