{
    "status": "success",
    "debug_message": "Inputs Found: ShoulderWidth(shoulder_width_cm), ChestCircumference(chest_cm), ChestFrontWidth(chest_width_cm), Waist(waist_cm), Hips(hip_cm), LegLength(inseam_cm), TotalHeight(UnityArg: 1855.0), Age(UnityArg: 23.0), Gender(UnityArg: Male). Used Static Values for: Age, ShoulderWidth, ChestWidth, ChestFrontWidth, Waist, Hips, TotalHeight, Gender. ",
    "recommended_size": "ERROR: No size fits. (WARNING: Extreme tight fit - Your measurements are too large. Clothing is likely too small. Measured against largest size 'XXL': ChestFrontWidth (499.0cm vs. 48.0cm chart + 13.50cm tolerance) & ShoulderToWaist (506.8cm vs. 67.0cm chart + 13.66cm tolerance) & ArmLength (129.5cm vs. 62.0cm chart + 13.66cm tolerance).)",
    "simple_additional_info": "WARNING: No standard size fits. Your measurements are too large.",
    "scaled_measurements_json": "{\"Age\": 0.9280431123552493, \"HeadCircumference\": 8.600478765659009, \"ShoulderWidth\": 30.718093804084265, \"ChestWidth\": 4.420549863602741, \"Belly\": 11.019669655312063, \"Waist\": 6.392529165073325, \"Hips\": 4.766585656038234, \"ArmLength\": 6.649519792820425, \"ShoulderToWaist\": 10.676203242982327, \"WaistToKnee\": 13.765653741257145, \"LegLength\": 10.606115236286538, \"TotalHeight\": 32.26427085902788}",
    "final_measurements_json": "{\"Gender\": 1.0, \"Age\": 23.0, \"HeadCircumference\": 100.34753026710396, \"ShoulderWidth\": 476.735, \"ChestCircumference\": 1179.9273879861694, \"ChestFrontWidth\": 498.99500000000006, \"Belly\": 421.7140047124109, \"Waist\": 853.8462728617567, \"Hips\": 1094.6143572459853, \"ArmLength\": 129.47291525619048, \"ShoulderToWaist\": 506.76961850512447, \"WaistToKnee\": 467.3414432439855, \"LegLength\": 667.8000000000001, \"TotalHeight\": 1855.0}",
    "runtime_ms": {
        "step_1_setup_ms": 1950.3891468048096,
        "step_2_impute_ms": 9.631156921386719,
        "step_3_sizing_ms": 2.014636993408203,
        "step_4_export_ms": 0.0,
        "total_runtime_ms": 1964.8005962371826
    }
}