{
    "status": "success",
    "debug_message": "Inputs Found: ShoulderWidth(shoulder_width_cm), ChestCircumference(chest_cm), ChestFrontWidth(chest_width_cm), Waist(waist_cm), Hips(hip_cm), LegLength(inseam_cm), TotalHeight(UnityArg: 190.0), Age(UnityArg: 23.0), Gender(UnityArg: Male). Used Static Values for: Age, ShoulderWidth, ChestWidth, ChestFrontWidth, Waist, Hips, TotalHeight, Gender. ",
    "recommended_size": "Recommended: M (can have a bit loose fit)\n(Compared to the next best size (S): ChestFrontWidth: 9.29 cm larger than S; ShoulderToWaist: 3.23 cm smaller than S; ArmLength: 3.28 cm smaller than S) - choose S for a tighter fit",
    "scaled_measurements_json": "{\"Age\": 0.9280431123552493, \"HeadCircumference\": 0.41500344026798036, \"ShoulderWidth\": 1.6292730396539563, \"ChestWidth\": 2.8957726390885306, \"Belly\": 1.8276786209601859, \"Waist\": 1.9970736366101034, \"Hips\": 2.117638749887934, \"ArmLength\": 0.6120682252516361, \"ShoulderToWaist\": 1.0913757174089065, \"WaistToKnee\": 1.4426413625483077, \"LegLength\": 0.22638273832682257, \"TotalHeight\": 2.1231991324667083}",
    "final_measurements_json": "{\"Gender\": 1.0, \"Age\": 23.0, \"HeadCircumference\": 55.26319132322908, \"ShoulderWidth\": 52.629999999999995, \"ChestCircumference\": 128.6679232211721, \"ChestFrontWidth\": 53.294999999999995, \"Belly\": 86.68501491394647, \"Waist\": 105.10957446988535, \"Hips\": 117.87587051087284, \"ArmLength\": 54.72269431215504, \"ShoulderToWaist\": 59.770531458145626, \"WaistToKnee\": 61.109373459592824, \"LegLength\": 70.30000000000003, \"TotalHeight\": 190.0}"
}