{
  "pixels_per_cm": 10.526315789473685,
  "backend_front": "opencv",
  "backend_side": "opencv",
  "rows_px": {
    "chest": 565,
    "waist": 754,
    "hip": 1038,
    "shoulder": 402,
    "crotch": 1238,
    "thigh": 1398
  },
  "widths_px_front": {
    "chest": 822,
    "waist": 678,
    "hip": 722,
    "shoulder": 1003,
    "thigh": 0
  },
  "widths_px_side": {
    "chest": 438,
    "waist": 472,
    "hip": 690,
    "thigh": 879
  },
  "semiaxes_cm": {
    "chest": [
      39.044999999999995,
      20.805
    ],
    "waist": [
      32.205,
      22.419999999999998
    ],
    "hip": [
      34.294999999999995,
      32.775
    ],
    "thigh": [
      0.0,
      41.7525
    ]
  },
  "chest_cm": 192.41587918713253,
  "waist_cm": 172.98890972793433,
  "hip_cm": 210.73367522034582,
  "thigh_cm": 0.0,
  "shoulder_width_cm": 95.285,
  "inseam_cm": 76.75999999999999,
  "qa": {
    "normalization": {
      "target_h_px": 2000,
      "crop_margin_ratio": 0.02,
      "ppc_used_px_per_cm": 10.526315789473685,
      "ppc_source": "height",
      "rows_source": "mask_only",
      "gender": "male"
    },
    "timing_ms": {
      "segment": 55019.2,
      "normalize": 310.5,
      "precache": 6441.4,
      "rows": 50.8,
      "scale": 0.2,
      "widths": 11.0,
      "ellipse": 0.5,
      "lengths": 26.6,
      "debug": 0.0,
      "total": 61860.4
    }
  }
}