{
  "pixels_per_cm": 11.976047904191617,
  "backend_front": "deeplabv3",
  "backend_side": "deeplabv3",
  "rows_px": {
    "shoulder": 531,
    "hip": 958,
    "crotch": 1279,
    "waist": 793,
    "chest": 719,
    "thigh": 1478
  },
  "widths_px_front": {
    "chest": 512,
    "waist": 375,
    "hip": 556,
    "shoulder": 542,
    "thigh": 256
  },
  "widths_px_side": {
    "chest": 232,
    "waist": 196,
    "hip": 199,
    "thigh": 122
  },
  "semiaxes_cm": {
    "chest": [
      21.376,
      9.686
    ],
    "waist": [
      15.65625,
      8.183
    ],
    "hip": [
      23.213,
      8.30825
    ],
    "thigh": [
      10.688,
      5.0935
    ]
  },
  "chest_cm": 101.07062168199901,
  "waist_cm": 76.74464861986098,
  "hip_cm": 104.64174964349868,
  "thigh_cm": 51.149104027892754,
  "shoulder_width_cm": 45.257,
  "inseam_cm": 63.5435,
  "chest_width_cm": 42.752,
  "qa": {
    "normalization": {
      "target_h_px": 2000,
      "crop_margin_ratio": 0.02,
      "ppc_used_px_per_cm": 11.976047904191617,
      "ppc_source": "height",
      "rows_source": "pose+mask_fast",
      "gender": "male"
    },
    "timing_ms": {
      "segment": 92175.9,
      "normalize": 258.1,
      "precache": 4497.5,
      "rows": 936.2,
      "scale": 0.0,
      "widths": 11.6,
      "ellipse": 0.8,
      "lengths": 9.2,
      "debug": 179.2,
      "total": 98069.3
    }
  }
}