{
  "pixels_per_cm": 12.048192771084338,
  "backend_front": "opencv",
  "backend_side": "opencv",
  "rows_px": {
    "chest": 563,
    "waist": 750,
    "hip": 1034,
    "shoulder": 400,
    "crotch": 1233,
    "thigh": 1392
  },
  "widths_px_front": {
    "chest": 686,
    "waist": 560,
    "hip": 636,
    "shoulder": 377,
    "thigh": 286
  },
  "widths_px_side": {
    "chest": 425,
    "waist": 799,
    "hip": 881,
    "thigh": 941
  },
  "semiaxes_cm": {
    "chest": [
      28.468999999999998,
      17.6375
    ],
    "waist": [
      23.24,
      33.1585
    ],
    "hip": [
      26.394,
      36.561499999999995
    ],
    "thigh": [
      11.869,
      39.0515
    ]
  },
  "chest_cm": 146.85328671660554,
  "waist_cm": 178.5537520674848,
  "hip_cm": 199.07233335964705,
  "thigh_cm": 171.57863473524273,
  "shoulder_width_cm": 31.290999999999997,
  "inseam_cm": 66.981,
  "qa": {
    "normalization": {
      "target_h_px": 2000,
      "crop_margin_ratio": 0.02,
      "ppc_used_px_per_cm": 12.048192771084338,
      "ppc_source": "height",
      "rows_source": "mask_only",
      "gender": "male"
    },
    "timing_ms": {
      "segment": 79165.5,
      "normalize": 193.7,
      "precache": 3388.0,
      "rows": 19.6,
      "scale": 0.0,
      "widths": 6.3,
      "ellipse": 0.4,
      "lengths": 10.5,
      "debug": 183.2,
      "total": 82967.6
    }
  }
}