{
    "status": "success",
    "debug_message": "Inputs Found: ShoulderWidth(shoulder_width_cm), ChestCircumference(chest_cm), ChestFrontWidth(chest_width_cm), Waist(waist_cm), Hips(hip_cm), LegLength(inseam_cm), TotalHeight(UnityArg: 192.0), Age(UnityArg: 24.0), Gender(UnityArg: Male). Used Static Values for: Age, ShoulderWidth, ChestWidth, ChestFrontWidth, Waist, Hips, TotalHeight, Gender. ",
    "recommended_size": "Recommended: L\n (Can have bit loose fit)\n\n\n<u>Compared with the next best size M:</u>\n\nChest Width = 55.68 cm:\n10.68 cm larger than for M\n\nTorso Length = 60.16 cm:\n3.84 cm smaller than for M\n\nSleeve Length = 54.79 cm:\n4.21 cm smaller than for M",
    "simple_additional_info": "For a tighter fit, consider choosing size M.",
    "scaled_measurements_json": "{\"Age\": 0.9883738671251904, \"HeadCircumference\": 0.4012941421217647, \"ShoulderWidth\": 1.7509787168800763, \"ChestWidth\": 2.9343419684221805, \"Belly\": 1.7385172292512507, \"Waist\": 1.88003634786409, \"Hips\": 1.993506988349642, \"ArmLength\": 0.6178038028950882, \"ShoulderToWaist\": 1.114610937907124, \"WaistToKnee\": 1.4664155549984352, \"LegLength\": 0.1104354504420538, \"TotalHeight\": 2.1805899171594674}",
    "final_measurements_json": "{\"Gender\": 1.0, \"Age\": 24.0, \"HeadCircumference\": 55.16869616396808, \"ShoulderWidth\": 53.952000000000005, \"ChestCircumference\": 132.47523159165817, \"ChestFrontWidth\": 55.68, \"Belly\": 84.64909718862064, \"Waist\": 99.7936490640047, \"Hips\": 109.87022367846342, \"ArmLength\": 54.791952072144845, \"ShoulderToWaist\": 60.16253135594049, \"WaistToKnee\": 61.48881125859642, \"LegLength\": 67.968, \"TotalHeight\": 192.0}",
    "runtime_ms": {
        "step_1_setup_ms": 1463.7095928192139,
        "step_2_impute_ms": 7.722377777099609,
        "step_3_sizing_ms": 2.8676986694335938,
        "step_4_export_ms": 0.0,
        "total_runtime_ms": 1477.1232604980469
    }
}